{
  "params": {
    "alpha": 0.5,
    "K_threshold": 20.88739499846546,
    "beta_dim": 0.35,
    "gamma": 1.0,
    "theta": 0.7,
    "eta": 0.4,
    "beta": 0.3,
    "delta_T": 0.2,
    "lam": 0.8
  },
  "initial_conditions": {
    "K0": [
      13.054621874040912,
      9.804216188709006,
      9.628145871797688
    ],
    "S0": [
      0.25456512654379776,
      0.10294426998144454,
      0.17330662569235838
    ],
    "T0": 0.5
  },
  "metadata": {
    "calibration_date": "2025-11-01T17:41:06.216908",
    "target_year": 2025,
    "data_sources": [
      "Epoch AI",
      "arXiv",
      "GitHub",
      "World Bank"
    ],
    "num_models_analyzed": 140,
    "safety_papers_2025": 194
  }
}
